{
  "$schema": "http://schema.management.azure.com/schemas/2015-01-01/deploymentTemplate.json",
  "contentVersion": "1.0.0.0",
  "parameters": {
    "DPEVMSize": {
      "type": "string",
      "defaultValue": "Standard_D16_v3",
      "metadata": {
        "description": "Size of VMs in the VM Scale Set."
      }
    },
    "DPEVMSSName": {
      "type": "string",
      "metadata": {
        "description": "String used as a base for naming resources. Must be 3-61 characters in length and globally unique across Azure. A hash is prepended to this string for some resources, and resource-specific information is appended."
      },
      "maxLength": 61
    },
    "DPEVMSSInstanceCount": {
      "type": "int",
      "metadata": {
        "description": "Number of VM instances (16 or less)."
      },
      "defaultValue": 2,
      "maxValue": 16
    },
    "virtualNetworkName": {
      "type": "string",
      "metadata": {
        "description": "Existing VNET"
      }
    },
    "InfraSubnetName": {
      "type": "string",
      "metadata": {
        "description": "Subnet in which you want to deploy the DPM VM"
      }
    },
    "adminUsername": {
      "type": "string",
      "metadata": {
        "description": "Admin username on all VMs."
      }
    },
    "adminPassword": {
      "type": "securestring",
      "metadata": {
        "description": "Admin password on all VMs."
      }
    },
    "domainName": {
      "type": "string",
      "metadata": {
        "description": "The FQDN of the AD domain"
      }
    },
    "ouPath": {
      "type": "string",
      "defaultValue": "",
      "metadata": {
        "description": "Specifies an organizational unit (OU) for the domain account. Enter the full distinguished name of the OU in quotation marks. Example: 'OU=testOU; DC=domain; DC=Domain; DC=com"
      }
    },
    "domainJoinOptions": {
      "type": "int",
      "defaultValue": 3,
      "metadata": {
        "description": "Set of bit flags that define the join options. Default value of 3 is a combination of NETSETUP_JOIN_DOMAIN (0x00000001) & NETSETUP_ACCT_CREATE (0x00000002) i.e. will join the domain and create the account on the domain. For more information see https://msdn.microsoft.com/en-us/library/aa392154(v=vs.85).aspx"
      }
    },
    "location": {
      "type": "string",
      "defaultValue": "[parameters('location')]"
    }
  },
  "resources": [
    {
      "type": "Microsoft.Compute/virtualMachineScaleSets",
      "name": "[parameters('DPEVMSSName')]",
      "location": "[parameters('location')]",
      "apiVersion": "2017-03-30",
      "dependsOn": [
        "[resourceId('Microsoft.Network/loadBalancers', variables('loadBalancerName'))]"
      ],
      "sku": {
        "name": "[parameters('DPEVMSize')]",
        "capacity": "[parameters('DPEVMSSInstanceCount')]"
      },
      "plan": {
        "name": "22000111",
        "publisher": "accessdata-group",
        "product": "adlab64-sw-cloud-preview"
      },
      "properties": {
        "overprovision": true,
        "upgradePolicy": {
          "mode": "Manual"
        },
        "virtualMachineProfile": {
          "storageProfile": {
            "imageReference": {
              "publisher": "accessdata-group",
              "offer": "adlab64-sw-cloud-preview",
              "sku": "22000111",
              "version": "1.0.1"
            },
            "osDisk": {
              "createOption": "FromImage",
              "caching": "ReadWrite"
            }
          },
          "osProfile": {
            "computerNamePrefix": "[parameters('DPEVMSSName')]",
            "adminUsername": "[parameters('adminUsername')]",
            "adminPassword": "[parameters('adminPassword')]"
          },
          "networkProfile": {
            "networkInterfaceConfigurations": [
              {
                "name": "nic",
                "properties": {
                  "primary": true,
                  "ipConfigurations": [
                    {
                      "name": "ipconfig",
                      "properties": {
                        "subnet": {
                          "id": "[variables('subnetRef')]"
                        },
                        "loadBalancerBackendAddressPools": [
                          {
                            "id": "[concat('/subscriptions/', subscription().subscriptionId,'/resourceGroups/', resourceGroup().name, '/providers/Microsoft.Network/loadBalancers/', variables('loadBalancerName'), '/backendAddressPools/', variables('loadBalancerBackEndName'))]"
                          }
                        ]
                      }
                    }
                  ]
                }
              }
            ]
          },
          "extensionProfile": {
            "extensions": [
              {
                "name": "customScript",
                "properties": {
                  "publisher": "Microsoft.Compute",
                  "settings": {
                    "fileUris": [
                      "https://adstoragefile.blob.core.windows.net/scripts/DPEScript.ps1"
                    ]
                  },
                  "typeHandlerVersion": "1.8",
                  "autoUpgradeMinorVersion": true,
                  "protectedSettings": {
                    "commandToExecute": "powershell -ExecutionPolicy Unrestricted -File DPEScript.ps1",
                    "StorageAccountName": "adstoragefile",
                    "StorageAccountKey": "sUjsNKxdY0mdl/xXEDj7mTJSjOJKjOdfzOUn4RdnRqhoHQbkXeUJtudYZq/tjTCQxW/0kRZTFHdLqIl5tq+RBg=="
                  },
                  "type": "CustomScriptExtension"
                }
              },
              {
                "name": "joindomain",
                "properties": {
                  "publisher": "Microsoft.Compute",
                  "type": "JsonADDomainExtension",
                  "typeHandlerVersion": "1.3",
                  "autoUpgradeMinorVersion": true,
                  "settings": {
                    "Name": "[parameters('domainName')]",
                    "Options": "[parameters('domainJoinOptions')]",
                    "OUPath": "[parameters('ouPath')]",
                    "Restart": "true",
                    "User": "concat(parameters('domainName), '\\' parameters('AdminUsername'))]"
                  },
                  "protectedSettings": {
                    "Password": "[parameters('adminPassword')]"
                  }
                }
              }
            ]
          }
        }
      }
    },
    {
      "type": "Microsoft.Network/loadBalancers",
      "name": "[variables('loadBalancerName')]",
      "location": "[parameters('location')]",
      "apiVersion": "2017-06-01",
      "dependsOn": [],
      "properties": {
        "frontendIPConfigurations": [
          {
            "properties": {
              "subnet": {
                "id": "[variables('subnetRef')]"
              },
              "privateIPAllocationMethod": "Dynamic"
            },
            "name": "[variables('loadBalancerFrontEndName')]"
          }
        ],
        "backendAddressPools": [
          {
            "name": "[variables('loadBalancerBackendName')]"
          }
        ],
        "loadBalancingRules": [
          {
            "name": "roundRobinLBRule",
            "properties": {
              "frontendIPConfiguration": {
                "id": "[concat(resourceId('Microsoft.Network/loadBalancers', variables('loadBalancerName')), '/frontendIPConfigurations/', variables('loadBalancerFrontEndName'))]"
              },
              "backendAddressPool": {
                "id": "[concat(resourceId('Microsoft.Network/loadBalancers', variables('loadBalancerName')), '/backendAddressPools/', variables('loadBalancerBackendName'))]"
              },
              "protocol": "Tcp",
              "frontendPort": 34097,
              "backendPort": 34097,
              "enableFloatingIP": false,
              "idleTimeoutInMinutes": 5,
              "probe": {
                "id": "[concat(resourceId('Microsoft.Network/loadBalancers', variables('loadBalancerName')), '/probes/', variables('loadBalancerProbeName'))]"
              }
            }
          }
        ],
        "probes": [
          {
            "name": "[variables('loadBalancerProbeName')]",
            "properties": {
              "protocol": "Tcp",
              "port": 34097,
              "intervalInSeconds": 5,
              "numberOfProbes": 2
            }
          }
        ]
      }
    }
  ],
  "variables": {
    "vnetID": "[resourceId('Microsoft.Network/virtualNetworks',parameters('virtualNetworkName'))]",
    "subnetRef": "[concat(variables('vnetID'),'/subnets/',parameters('InfraSubnetName'))]",
    "loadBalancerName": "loadBalancer",
    "loadBalancerFrontEndName": "loadBalancerFrontEnd",
    "loadBalancerBackEndName": "loadBalancerBackEnd",
    "loadBalancerProbeName": "loadBalancerHttpProbe"
  }
}